{
  "shape": [
    1,
    1,
    151936
  ],
  "first_token": 11528,
  "first_token_decoded": "language",
  "top_10_indices": [
    11528,
    4128,
    102064,
    13806,
    29021,
    73353,
    42824,
    11434,
    151645,
    60740
  ],
  "top_10_values": [
    28.33554458618164,
    18.87563705444336,
    18.34640884399414,
    14.755468368530273,
    14.692947387695312,
    14.594131469726562,
    14.012848854064941,
    13.856815338134766,
    13.772725105285645,
    13.322807312011719
  ],
  "top_10_decoded": [
    "language",
    " language",
    "\u8bed\u8a00",
    "Language",
    "_language",
    "emotion",
    "languages",
    " Language",
    "<|im_end|>",
    "(language"
  ]
}